,formula,Tc,P,prm0,prm1,prm2,prm3
0,LiH,0.0,50.0,3.0,1.0,1.0,1.0
1,LiH,0.0,100.0,3.0,1.0,1.0,1.0
2,LiH,0.0,150.0,3.0,1.0,1.0,1.0
3,LiH,0.0,200.0,3.0,1.0,1.0,1.0
4,LiH,0.0,250.0,3.0,1.0,1.0,1.0
5,LiH,0.0,300.0,3.0,1.0,1.0,1.0
6,LiH,0.0,350.0,3.0,1.0,1.0,1.0
7,LiH,0.0,400.0,3.0,1.0,1.0,1.0
8,LiH,0.0,450.0,3.0,1.0,1.0,1.0
9,LiH,0.0,500.0,3.0,1.0,1.0,1.0
10,LiH2,0.0,50.0,3.0,1.0,1.0,2.0
11,LiH2,0.0,100.0,3.0,1.0,1.0,2.0
12,LiH2,0.0,150.0,3.0,1.0,1.0,2.0
13,LiH2,0.0,200.0,3.0,1.0,1.0,2.0
14,LiH2,0.0,250.0,3.0,1.0,1.0,2.0
15,LiH2,0.0,300.0,3.0,1.0,1.0,2.0
16,LiH2,0.0,350.0,3.0,1.0,1.0,2.0
17,LiH2,0.0,400.0,3.0,1.0,1.0,2.0
18,LiH2,0.0,450.0,3.0,1.0,1.0,2.0
19,LiH2,0.0,500.0,3.0,1.0,1.0,2.0
20,LiH3,0.0,50.0,3.0,1.0,1.0,3.0
21,LiH3,0.0,100.0,3.0,1.0,1.0,3.0
22,LiH3,0.0,150.0,3.0,1.0,1.0,3.0
23,LiH3,0.0,200.0,3.0,1.0,1.0,3.0
24,LiH3,0.0,250.0,3.0,1.0,1.0,3.0
25,LiH3,0.0,300.0,3.0,1.0,1.0,3.0
26,LiH3,0.0,350.0,3.0,1.0,1.0,3.0
27,LiH3,0.0,400.0,3.0,1.0,1.0,3.0
28,LiH3,0.0,450.0,3.0,1.0,1.0,3.0
29,LiH3,0.0,500.0,3.0,1.0,1.0,3.0
30,LiH4,0.0,50.0,3.0,1.0,1.0,4.0
31,LiH4,0.0,100.0,3.0,1.0,1.0,4.0
32,LiH4,0.0,150.0,3.0,1.0,1.0,4.0
33,LiH4,0.0,200.0,3.0,1.0,1.0,4.0
34,LiH4,0.0,250.0,3.0,1.0,1.0,4.0
35,LiH4,0.0,300.0,3.0,1.0,1.0,4.0
36,LiH4,0.0,350.0,3.0,1.0,1.0,4.0
37,LiH4,0.0,400.0,3.0,1.0,1.0,4.0
38,LiH4,0.0,450.0,3.0,1.0,1.0,4.0
39,LiH4,0.0,500.0,3.0,1.0,1.0,4.0
40,LiH5,0.0,50.0,3.0,1.0,1.0,5.0
41,LiH5,0.0,100.0,3.0,1.0,1.0,5.0
42,LiH5,0.0,150.0,3.0,1.0,1.0,5.0
43,LiH5,0.0,200.0,3.0,1.0,1.0,5.0
44,LiH5,0.0,250.0,3.0,1.0,1.0,5.0
45,LiH5,0.0,300.0,3.0,1.0,1.0,5.0
46,LiH5,0.0,350.0,3.0,1.0,1.0,5.0
47,LiH5,0.0,400.0,3.0,1.0,1.0,5.0
48,LiH5,0.0,450.0,3.0,1.0,1.0,5.0
49,LiH5,0.0,500.0,3.0,1.0,1.0,5.0
50,LiH6,0.0,50.0,3.0,1.0,1.0,6.0
51,LiH6,0.0,100.0,3.0,1.0,1.0,6.0
52,LiH6,0.0,150.0,3.0,1.0,1.0,6.0
53,LiH6,0.0,200.0,3.0,1.0,1.0,6.0
54,LiH6,0.0,250.0,3.0,1.0,1.0,6.0
55,LiH6,0.0,300.0,3.0,1.0,1.0,6.0
56,LiH6,0.0,350.0,3.0,1.0,1.0,6.0
57,LiH6,0.0,400.0,3.0,1.0,1.0,6.0
58,LiH6,0.0,450.0,3.0,1.0,1.0,6.0
59,LiH6,0.0,500.0,3.0,1.0,1.0,6.0
60,LiH7,0.0,50.0,3.0,1.0,1.0,7.0
61,LiH7,0.0,100.0,3.0,1.0,1.0,7.0
62,LiH7,0.0,150.0,3.0,1.0,1.0,7.0
63,LiH7,0.0,200.0,3.0,1.0,1.0,7.0
64,LiH7,0.0,250.0,3.0,1.0,1.0,7.0
65,LiH7,0.0,300.0,3.0,1.0,1.0,7.0
66,LiH7,0.0,350.0,3.0,1.0,1.0,7.0
67,LiH7,0.0,400.0,3.0,1.0,1.0,7.0
68,LiH7,0.0,450.0,3.0,1.0,1.0,7.0
69,LiH7,0.0,500.0,3.0,1.0,1.0,7.0
70,LiH8,0.0,50.0,3.0,1.0,1.0,8.0
71,LiH8,0.0,100.0,3.0,1.0,1.0,8.0
72,LiH8,0.0,150.0,3.0,1.0,1.0,8.0
73,LiH8,0.0,200.0,3.0,1.0,1.0,8.0
74,LiH8,0.0,250.0,3.0,1.0,1.0,8.0
75,LiH8,0.0,300.0,3.0,1.0,1.0,8.0
76,LiH8,0.0,350.0,3.0,1.0,1.0,8.0
77,LiH8,0.0,400.0,3.0,1.0,1.0,8.0
78,LiH8,0.0,450.0,3.0,1.0,1.0,8.0
79,LiH8,0.0,500.0,3.0,1.0,1.0,8.0
80,LiH9,0.0,50.0,3.0,1.0,1.0,9.0
81,LiH9,0.0,100.0,3.0,1.0,1.0,9.0
82,LiH9,0.0,150.0,3.0,1.0,1.0,9.0
83,LiH9,0.0,200.0,3.0,1.0,1.0,9.0
84,LiH9,0.0,250.0,3.0,1.0,1.0,9.0
85,LiH9,0.0,300.0,3.0,1.0,1.0,9.0
86,LiH9,0.0,350.0,3.0,1.0,1.0,9.0
87,LiH9,0.0,400.0,3.0,1.0,1.0,9.0
88,LiH9,0.0,450.0,3.0,1.0,1.0,9.0
89,LiH9,0.0,500.0,3.0,1.0,1.0,9.0
90,LiH10,0.0,50.0,3.0,1.0,1.0,10.0
91,LiH10,0.0,100.0,3.0,1.0,1.0,10.0
92,LiH10,0.0,150.0,3.0,1.0,1.0,10.0
93,LiH10,0.0,200.0,3.0,1.0,1.0,10.0
94,LiH10,0.0,250.0,3.0,1.0,1.0,10.0
95,LiH10,0.0,300.0,3.0,1.0,1.0,10.0
96,LiH10,0.0,350.0,3.0,1.0,1.0,10.0
97,LiH10,0.0,400.0,3.0,1.0,1.0,10.0
98,LiH10,0.0,450.0,3.0,1.0,1.0,10.0
99,LiH10,0.0,500.0,3.0,1.0,1.0,10.0
100,Li2H,0.0,50.0,3.0,1.0,2.0,1.0
101,Li2H,0.0,100.0,3.0,1.0,2.0,1.0
102,Li2H,0.0,150.0,3.0,1.0,2.0,1.0
103,Li2H,0.0,200.0,3.0,1.0,2.0,1.0
104,Li2H,0.0,250.0,3.0,1.0,2.0,1.0
105,Li2H,0.0,300.0,3.0,1.0,2.0,1.0
106,Li2H,0.0,350.0,3.0,1.0,2.0,1.0
107,Li2H,0.0,400.0,3.0,1.0,2.0,1.0
108,Li2H,0.0,450.0,3.0,1.0,2.0,1.0
109,Li2H,0.0,500.0,3.0,1.0,2.0,1.0
120,Li2H3,0.0,50.0,3.0,1.0,2.0,3.0
121,Li2H3,0.0,100.0,3.0,1.0,2.0,3.0
122,Li2H3,0.0,150.0,3.0,1.0,2.0,3.0
123,Li2H3,0.0,200.0,3.0,1.0,2.0,3.0
124,Li2H3,0.0,250.0,3.0,1.0,2.0,3.0
125,Li2H3,0.0,300.0,3.0,1.0,2.0,3.0
126,Li2H3,0.0,350.0,3.0,1.0,2.0,3.0
127,Li2H3,0.0,400.0,3.0,1.0,2.0,3.0
128,Li2H3,0.0,450.0,3.0,1.0,2.0,3.0
129,Li2H3,0.0,500.0,3.0,1.0,2.0,3.0
140,Li2H5,0.0,50.0,3.0,1.0,2.0,5.0
141,Li2H5,0.0,100.0,3.0,1.0,2.0,5.0
142,Li2H5,0.0,150.0,3.0,1.0,2.0,5.0
143,Li2H5,0.0,200.0,3.0,1.0,2.0,5.0
144,Li2H5,0.0,250.0,3.0,1.0,2.0,5.0
145,Li2H5,0.0,300.0,3.0,1.0,2.0,5.0
146,Li2H5,0.0,350.0,3.0,1.0,2.0,5.0
147,Li2H5,0.0,400.0,3.0,1.0,2.0,5.0
148,Li2H5,0.0,450.0,3.0,1.0,2.0,5.0
149,Li2H5,0.0,500.0,3.0,1.0,2.0,5.0
160,Li2H7,0.0,50.0,3.0,1.0,2.0,7.0
161,Li2H7,0.0,100.0,3.0,1.0,2.0,7.0
162,Li2H7,0.0,150.0,3.0,1.0,2.0,7.0
163,Li2H7,0.0,200.0,3.0,1.0,2.0,7.0
164,Li2H7,0.0,250.0,3.0,1.0,2.0,7.0
165,Li2H7,0.0,300.0,3.0,1.0,2.0,7.0
166,Li2H7,0.0,350.0,3.0,1.0,2.0,7.0
167,Li2H7,0.0,400.0,3.0,1.0,2.0,7.0
168,Li2H7,0.0,450.0,3.0,1.0,2.0,7.0
169,Li2H7,0.0,500.0,3.0,1.0,2.0,7.0
180,Li2H9,0.0,50.0,3.0,1.0,2.0,9.0
181,Li2H9,0.0,100.0,3.0,1.0,2.0,9.0
182,Li2H9,0.0,150.0,3.0,1.0,2.0,9.0
183,Li2H9,0.0,200.0,3.0,1.0,2.0,9.0
184,Li2H9,0.0,250.0,3.0,1.0,2.0,9.0
185,Li2H9,0.0,300.0,3.0,1.0,2.0,9.0
186,Li2H9,0.0,350.0,3.0,1.0,2.0,9.0
187,Li2H9,0.0,400.0,3.0,1.0,2.0,9.0
188,Li2H9,0.0,450.0,3.0,1.0,2.0,9.0
189,Li2H9,0.0,500.0,3.0,1.0,2.0,9.0
200,Li3H,0.0,50.0,3.0,1.0,3.0,1.0
201,Li3H,0.0,100.0,3.0,1.0,3.0,1.0
202,Li3H,0.0,150.0,3.0,1.0,3.0,1.0
203,Li3H,0.0,200.0,3.0,1.0,3.0,1.0
204,Li3H,0.0,250.0,3.0,1.0,3.0,1.0
205,Li3H,0.0,300.0,3.0,1.0,3.0,1.0
206,Li3H,0.0,350.0,3.0,1.0,3.0,1.0
207,Li3H,0.0,400.0,3.0,1.0,3.0,1.0
208,Li3H,0.0,450.0,3.0,1.0,3.0,1.0
209,Li3H,0.0,500.0,3.0,1.0,3.0,1.0
210,Li3H2,0.0,50.0,3.0,1.0,3.0,2.0
211,Li3H2,0.0,100.0,3.0,1.0,3.0,2.0
212,Li3H2,0.0,150.0,3.0,1.0,3.0,2.0
213,Li3H2,0.0,200.0,3.0,1.0,3.0,2.0
214,Li3H2,0.0,250.0,3.0,1.0,3.0,2.0
215,Li3H2,0.0,300.0,3.0,1.0,3.0,2.0
216,Li3H2,0.0,350.0,3.0,1.0,3.0,2.0
217,Li3H2,0.0,400.0,3.0,1.0,3.0,2.0
218,Li3H2,0.0,450.0,3.0,1.0,3.0,2.0
219,Li3H2,0.0,500.0,3.0,1.0,3.0,2.0
230,Li3H4,0.0,50.0,3.0,1.0,3.0,4.0
231,Li3H4,0.0,100.0,3.0,1.0,3.0,4.0
232,Li3H4,0.0,150.0,3.0,1.0,3.0,4.0
233,Li3H4,0.0,200.0,3.0,1.0,3.0,4.0
234,Li3H4,0.0,250.0,3.0,1.0,3.0,4.0
235,Li3H4,0.0,300.0,3.0,1.0,3.0,4.0
236,Li3H4,0.0,350.0,3.0,1.0,3.0,4.0
237,Li3H4,0.0,400.0,3.0,1.0,3.0,4.0
238,Li3H4,0.0,450.0,3.0,1.0,3.0,4.0
239,Li3H4,0.0,500.0,3.0,1.0,3.0,4.0
240,Li3H5,0.0,50.0,3.0,1.0,3.0,5.0
241,Li3H5,0.0,100.0,3.0,1.0,3.0,5.0
242,Li3H5,0.0,150.0,3.0,1.0,3.0,5.0
243,Li3H5,0.0,200.0,3.0,1.0,3.0,5.0
244,Li3H5,0.0,250.0,3.0,1.0,3.0,5.0
245,Li3H5,0.0,300.0,3.0,1.0,3.0,5.0
246,Li3H5,0.0,350.0,3.0,1.0,3.0,5.0
247,Li3H5,0.0,400.0,3.0,1.0,3.0,5.0
248,Li3H5,0.0,450.0,3.0,1.0,3.0,5.0
249,Li3H5,0.0,500.0,3.0,1.0,3.0,5.0
260,Li3H7,0.0,50.0,3.0,1.0,3.0,7.0
261,Li3H7,0.0,100.0,3.0,1.0,3.0,7.0
262,Li3H7,0.0,150.0,3.0,1.0,3.0,7.0
263,Li3H7,0.0,200.0,3.0,1.0,3.0,7.0
264,Li3H7,0.0,250.0,3.0,1.0,3.0,7.0
265,Li3H7,0.0,300.0,3.0,1.0,3.0,7.0
266,Li3H7,0.0,350.0,3.0,1.0,3.0,7.0
267,Li3H7,0.0,400.0,3.0,1.0,3.0,7.0
268,Li3H7,0.0,450.0,3.0,1.0,3.0,7.0
269,Li3H7,0.0,500.0,3.0,1.0,3.0,7.0
270,Li3H8,0.0,50.0,3.0,1.0,3.0,8.0
271,Li3H8,0.0,100.0,3.0,1.0,3.0,8.0
272,Li3H8,0.0,150.0,3.0,1.0,3.0,8.0
273,Li3H8,0.0,200.0,3.0,1.0,3.0,8.0
274,Li3H8,0.0,250.0,3.0,1.0,3.0,8.0
275,Li3H8,0.0,300.0,3.0,1.0,3.0,8.0
276,Li3H8,0.0,350.0,3.0,1.0,3.0,8.0
277,Li3H8,0.0,400.0,3.0,1.0,3.0,8.0
278,Li3H8,0.0,450.0,3.0,1.0,3.0,8.0
279,Li3H8,0.0,500.0,3.0,1.0,3.0,8.0
290,Li3H10,0.0,50.0,3.0,1.0,3.0,10.0
291,Li3H10,0.0,100.0,3.0,1.0,3.0,10.0
292,Li3H10,0.0,150.0,3.0,1.0,3.0,10.0
293,Li3H10,0.0,200.0,3.0,1.0,3.0,10.0
294,Li3H10,0.0,250.0,3.0,1.0,3.0,10.0
295,Li3H10,0.0,300.0,3.0,1.0,3.0,10.0
296,Li3H10,0.0,350.0,3.0,1.0,3.0,10.0
297,Li3H10,0.0,400.0,3.0,1.0,3.0,10.0
298,Li3H10,0.0,450.0,3.0,1.0,3.0,10.0
299,Li3H10,0.0,500.0,3.0,1.0,3.0,10.0
300,Li4H,0.0,50.0,3.0,1.0,4.0,1.0
301,Li4H,0.0,100.0,3.0,1.0,4.0,1.0
302,Li4H,0.0,150.0,3.0,1.0,4.0,1.0
303,Li4H,0.0,200.0,3.0,1.0,4.0,1.0
304,Li4H,0.0,250.0,3.0,1.0,4.0,1.0
305,Li4H,0.0,300.0,3.0,1.0,4.0,1.0
306,Li4H,0.0,350.0,3.0,1.0,4.0,1.0
307,Li4H,0.0,400.0,3.0,1.0,4.0,1.0
308,Li4H,0.0,450.0,3.0,1.0,4.0,1.0
309,Li4H,0.0,500.0,3.0,1.0,4.0,1.0
320,Li4H3,0.0,50.0,3.0,1.0,4.0,3.0
321,Li4H3,0.0,100.0,3.0,1.0,4.0,3.0
322,Li4H3,0.0,150.0,3.0,1.0,4.0,3.0
323,Li4H3,0.0,200.0,3.0,1.0,4.0,3.0
324,Li4H3,0.0,250.0,3.0,1.0,4.0,3.0
325,Li4H3,0.0,300.0,3.0,1.0,4.0,3.0
326,Li4H3,0.0,350.0,3.0,1.0,4.0,3.0
327,Li4H3,0.0,400.0,3.0,1.0,4.0,3.0
328,Li4H3,0.0,450.0,3.0,1.0,4.0,3.0
329,Li4H3,0.0,500.0,3.0,1.0,4.0,3.0
340,Li4H5,0.0,50.0,3.0,1.0,4.0,5.0
341,Li4H5,0.0,100.0,3.0,1.0,4.0,5.0
342,Li4H5,0.0,150.0,3.0,1.0,4.0,5.0
343,Li4H5,0.0,200.0,3.0,1.0,4.0,5.0
344,Li4H5,0.0,250.0,3.0,1.0,4.0,5.0
345,Li4H5,0.0,300.0,3.0,1.0,4.0,5.0
346,Li4H5,0.0,350.0,3.0,1.0,4.0,5.0
347,Li4H5,0.0,400.0,3.0,1.0,4.0,5.0
348,Li4H5,0.0,450.0,3.0,1.0,4.0,5.0
349,Li4H5,0.0,500.0,3.0,1.0,4.0,5.0
360,Li4H7,0.0,50.0,3.0,1.0,4.0,7.0
361,Li4H7,0.0,100.0,3.0,1.0,4.0,7.0
362,Li4H7,0.0,150.0,3.0,1.0,4.0,7.0
363,Li4H7,0.0,200.0,3.0,1.0,4.0,7.0
364,Li4H7,0.0,250.0,3.0,1.0,4.0,7.0
365,Li4H7,0.0,300.0,3.0,1.0,4.0,7.0
366,Li4H7,0.0,350.0,3.0,1.0,4.0,7.0
367,Li4H7,0.0,400.0,3.0,1.0,4.0,7.0
368,Li4H7,0.0,450.0,3.0,1.0,4.0,7.0
369,Li4H7,0.0,500.0,3.0,1.0,4.0,7.0
380,Li4H9,0.0,50.0,3.0,1.0,4.0,9.0
381,Li4H9,0.0,100.0,3.0,1.0,4.0,9.0
382,Li4H9,0.0,150.0,3.0,1.0,4.0,9.0
383,Li4H9,0.0,200.0,3.0,1.0,4.0,9.0
384,Li4H9,0.0,250.0,3.0,1.0,4.0,9.0
385,Li4H9,0.0,300.0,3.0,1.0,4.0,9.0
386,Li4H9,0.0,350.0,3.0,1.0,4.0,9.0
387,Li4H9,0.0,400.0,3.0,1.0,4.0,9.0
388,Li4H9,0.0,450.0,3.0,1.0,4.0,9.0
389,Li4H9,0.0,500.0,3.0,1.0,4.0,9.0
400,Li5H,0.0,50.0,3.0,1.0,5.0,1.0
401,Li5H,0.0,100.0,3.0,1.0,5.0,1.0
402,Li5H,0.0,150.0,3.0,1.0,5.0,1.0
403,Li5H,0.0,200.0,3.0,1.0,5.0,1.0
404,Li5H,0.0,250.0,3.0,1.0,5.0,1.0
405,Li5H,0.0,300.0,3.0,1.0,5.0,1.0
406,Li5H,0.0,350.0,3.0,1.0,5.0,1.0
407,Li5H,0.0,400.0,3.0,1.0,5.0,1.0
408,Li5H,0.0,450.0,3.0,1.0,5.0,1.0
409,Li5H,0.0,500.0,3.0,1.0,5.0,1.0
410,Li5H2,0.0,50.0,3.0,1.0,5.0,2.0
411,Li5H2,0.0,100.0,3.0,1.0,5.0,2.0
412,Li5H2,0.0,150.0,3.0,1.0,5.0,2.0
413,Li5H2,0.0,200.0,3.0,1.0,5.0,2.0
414,Li5H2,0.0,250.0,3.0,1.0,5.0,2.0
415,Li5H2,0.0,300.0,3.0,1.0,5.0,2.0
416,Li5H2,0.0,350.0,3.0,1.0,5.0,2.0
417,Li5H2,0.0,400.0,3.0,1.0,5.0,2.0
418,Li5H2,0.0,450.0,3.0,1.0,5.0,2.0
419,Li5H2,0.0,500.0,3.0,1.0,5.0,2.0
420,Li5H3,0.0,50.0,3.0,1.0,5.0,3.0
421,Li5H3,0.0,100.0,3.0,1.0,5.0,3.0
422,Li5H3,0.0,150.0,3.0,1.0,5.0,3.0
423,Li5H3,0.0,200.0,3.0,1.0,5.0,3.0
424,Li5H3,0.0,250.0,3.0,1.0,5.0,3.0
425,Li5H3,0.0,300.0,3.0,1.0,5.0,3.0
426,Li5H3,0.0,350.0,3.0,1.0,5.0,3.0
427,Li5H3,0.0,400.0,3.0,1.0,5.0,3.0
428,Li5H3,0.0,450.0,3.0,1.0,5.0,3.0
429,Li5H3,0.0,500.0,3.0,1.0,5.0,3.0
430,Li5H4,0.0,50.0,3.0,1.0,5.0,4.0
431,Li5H4,0.0,100.0,3.0,1.0,5.0,4.0
432,Li5H4,0.0,150.0,3.0,1.0,5.0,4.0
433,Li5H4,0.0,200.0,3.0,1.0,5.0,4.0
434,Li5H4,0.0,250.0,3.0,1.0,5.0,4.0
435,Li5H4,0.0,300.0,3.0,1.0,5.0,4.0
436,Li5H4,0.0,350.0,3.0,1.0,5.0,4.0
437,Li5H4,0.0,400.0,3.0,1.0,5.0,4.0
438,Li5H4,0.0,450.0,3.0,1.0,5.0,4.0
439,Li5H4,0.0,500.0,3.0,1.0,5.0,4.0
450,Li5H6,0.0,50.0,3.0,1.0,5.0,6.0
451,Li5H6,0.0,100.0,3.0,1.0,5.0,6.0
452,Li5H6,0.0,150.0,3.0,1.0,5.0,6.0
453,Li5H6,0.0,200.0,3.0,1.0,5.0,6.0
454,Li5H6,0.0,250.0,3.0,1.0,5.0,6.0
455,Li5H6,0.0,300.0,3.0,1.0,5.0,6.0
456,Li5H6,0.0,350.0,3.0,1.0,5.0,6.0
457,Li5H6,0.0,400.0,3.0,1.0,5.0,6.0
458,Li5H6,0.0,450.0,3.0,1.0,5.0,6.0
459,Li5H6,0.0,500.0,3.0,1.0,5.0,6.0
460,Li5H7,0.0,50.0,3.0,1.0,5.0,7.0
461,Li5H7,0.0,100.0,3.0,1.0,5.0,7.0
462,Li5H7,0.0,150.0,3.0,1.0,5.0,7.0
463,Li5H7,0.0,200.0,3.0,1.0,5.0,7.0
464,Li5H7,0.0,250.0,3.0,1.0,5.0,7.0
465,Li5H7,0.0,300.0,3.0,1.0,5.0,7.0
466,Li5H7,0.0,350.0,3.0,1.0,5.0,7.0
467,Li5H7,0.0,400.0,3.0,1.0,5.0,7.0
468,Li5H7,0.0,450.0,3.0,1.0,5.0,7.0
469,Li5H7,0.0,500.0,3.0,1.0,5.0,7.0
470,Li5H8,0.0,50.0,3.0,1.0,5.0,8.0
471,Li5H8,0.0,100.0,3.0,1.0,5.0,8.0
472,Li5H8,0.0,150.0,3.0,1.0,5.0,8.0
473,Li5H8,0.0,200.0,3.0,1.0,5.0,8.0
474,Li5H8,0.0,250.0,3.0,1.0,5.0,8.0
475,Li5H8,0.0,300.0,3.0,1.0,5.0,8.0
476,Li5H8,0.0,350.0,3.0,1.0,5.0,8.0
477,Li5H8,0.0,400.0,3.0,1.0,5.0,8.0
478,Li5H8,0.0,450.0,3.0,1.0,5.0,8.0
479,Li5H8,0.0,500.0,3.0,1.0,5.0,8.0
480,Li5H9,0.0,50.0,3.0,1.0,5.0,9.0
481,Li5H9,0.0,100.0,3.0,1.0,5.0,9.0
482,Li5H9,0.0,150.0,3.0,1.0,5.0,9.0
483,Li5H9,0.0,200.0,3.0,1.0,5.0,9.0
484,Li5H9,0.0,250.0,3.0,1.0,5.0,9.0
485,Li5H9,0.0,300.0,3.0,1.0,5.0,9.0
486,Li5H9,0.0,350.0,3.0,1.0,5.0,9.0
487,Li5H9,0.0,400.0,3.0,1.0,5.0,9.0
488,Li5H9,0.0,450.0,3.0,1.0,5.0,9.0
489,Li5H9,0.0,500.0,3.0,1.0,5.0,9.0
500,Li6H,0.0,50.0,3.0,1.0,6.0,1.0
501,Li6H,0.0,100.0,3.0,1.0,6.0,1.0
502,Li6H,0.0,150.0,3.0,1.0,6.0,1.0
503,Li6H,0.0,200.0,3.0,1.0,6.0,1.0
504,Li6H,0.0,250.0,3.0,1.0,6.0,1.0
505,Li6H,0.0,300.0,3.0,1.0,6.0,1.0
506,Li6H,0.0,350.0,3.0,1.0,6.0,1.0
507,Li6H,0.0,400.0,3.0,1.0,6.0,1.0
508,Li6H,0.0,450.0,3.0,1.0,6.0,1.0
509,Li6H,0.0,500.0,3.0,1.0,6.0,1.0
540,Li6H5,0.0,50.0,3.0,1.0,6.0,5.0
541,Li6H5,0.0,100.0,3.0,1.0,6.0,5.0
542,Li6H5,0.0,150.0,3.0,1.0,6.0,5.0
543,Li6H5,0.0,200.0,3.0,1.0,6.0,5.0
544,Li6H5,0.0,250.0,3.0,1.0,6.0,5.0
545,Li6H5,0.0,300.0,3.0,1.0,6.0,5.0
546,Li6H5,0.0,350.0,3.0,1.0,6.0,5.0
547,Li6H5,0.0,400.0,3.0,1.0,6.0,5.0
548,Li6H5,0.0,450.0,3.0,1.0,6.0,5.0
549,Li6H5,0.0,500.0,3.0,1.0,6.0,5.0
560,Li6H7,0.0,50.0,3.0,1.0,6.0,7.0
561,Li6H7,0.0,100.0,3.0,1.0,6.0,7.0
562,Li6H7,0.0,150.0,3.0,1.0,6.0,7.0
563,Li6H7,0.0,200.0,3.0,1.0,6.0,7.0
564,Li6H7,0.0,250.0,3.0,1.0,6.0,7.0
565,Li6H7,0.0,300.0,3.0,1.0,6.0,7.0
566,Li6H7,0.0,350.0,3.0,1.0,6.0,7.0
567,Li6H7,0.0,400.0,3.0,1.0,6.0,7.0
568,Li6H7,0.0,450.0,3.0,1.0,6.0,7.0
569,Li6H7,0.0,500.0,3.0,1.0,6.0,7.0
600,Li7H,0.0,50.0,3.0,1.0,7.0,1.0
601,Li7H,0.0,100.0,3.0,1.0,7.0,1.0
602,Li7H,0.0,150.0,3.0,1.0,7.0,1.0
603,Li7H,0.0,200.0,3.0,1.0,7.0,1.0
604,Li7H,0.0,250.0,3.0,1.0,7.0,1.0
605,Li7H,0.0,300.0,3.0,1.0,7.0,1.0
606,Li7H,0.0,350.0,3.0,1.0,7.0,1.0
607,Li7H,0.0,400.0,3.0,1.0,7.0,1.0
608,Li7H,0.0,450.0,3.0,1.0,7.0,1.0
609,Li7H,0.0,500.0,3.0,1.0,7.0,1.0
610,Li7H2,0.0,50.0,3.0,1.0,7.0,2.0
611,Li7H2,0.0,100.0,3.0,1.0,7.0,2.0
612,Li7H2,0.0,150.0,3.0,1.0,7.0,2.0
613,Li7H2,0.0,200.0,3.0,1.0,7.0,2.0
614,Li7H2,0.0,250.0,3.0,1.0,7.0,2.0
615,Li7H2,0.0,300.0,3.0,1.0,7.0,2.0
616,Li7H2,0.0,350.0,3.0,1.0,7.0,2.0
617,Li7H2,0.0,400.0,3.0,1.0,7.0,2.0
618,Li7H2,0.0,450.0,3.0,1.0,7.0,2.0
619,Li7H2,0.0,500.0,3.0,1.0,7.0,2.0
620,Li7H3,0.0,50.0,3.0,1.0,7.0,3.0
621,Li7H3,0.0,100.0,3.0,1.0,7.0,3.0
622,Li7H3,0.0,150.0,3.0,1.0,7.0,3.0
623,Li7H3,0.0,200.0,3.0,1.0,7.0,3.0
624,Li7H3,0.0,250.0,3.0,1.0,7.0,3.0
625,Li7H3,0.0,300.0,3.0,1.0,7.0,3.0
626,Li7H3,0.0,350.0,3.0,1.0,7.0,3.0
627,Li7H3,0.0,400.0,3.0,1.0,7.0,3.0
628,Li7H3,0.0,450.0,3.0,1.0,7.0,3.0
629,Li7H3,0.0,500.0,3.0,1.0,7.0,3.0
630,Li7H4,0.0,50.0,3.0,1.0,7.0,4.0
631,Li7H4,0.0,100.0,3.0,1.0,7.0,4.0
632,Li7H4,0.0,150.0,3.0,1.0,7.0,4.0
633,Li7H4,0.0,200.0,3.0,1.0,7.0,4.0
634,Li7H4,0.0,250.0,3.0,1.0,7.0,4.0
635,Li7H4,0.0,300.0,3.0,1.0,7.0,4.0
636,Li7H4,0.0,350.0,3.0,1.0,7.0,4.0
637,Li7H4,0.0,400.0,3.0,1.0,7.0,4.0
638,Li7H4,0.0,450.0,3.0,1.0,7.0,4.0
639,Li7H4,0.0,500.0,3.0,1.0,7.0,4.0
640,Li7H5,0.0,50.0,3.0,1.0,7.0,5.0
641,Li7H5,0.0,100.0,3.0,1.0,7.0,5.0
642,Li7H5,0.0,150.0,3.0,1.0,7.0,5.0
643,Li7H5,0.0,200.0,3.0,1.0,7.0,5.0
644,Li7H5,0.0,250.0,3.0,1.0,7.0,5.0
645,Li7H5,0.0,300.0,3.0,1.0,7.0,5.0
646,Li7H5,0.0,350.0,3.0,1.0,7.0,5.0
647,Li7H5,0.0,400.0,3.0,1.0,7.0,5.0
648,Li7H5,0.0,450.0,3.0,1.0,7.0,5.0
649,Li7H5,0.0,500.0,3.0,1.0,7.0,5.0
650,Li7H6,0.0,50.0,3.0,1.0,7.0,6.0
651,Li7H6,0.0,100.0,3.0,1.0,7.0,6.0
652,Li7H6,0.0,150.0,3.0,1.0,7.0,6.0
653,Li7H6,0.0,200.0,3.0,1.0,7.0,6.0
654,Li7H6,0.0,250.0,3.0,1.0,7.0,6.0
655,Li7H6,0.0,300.0,3.0,1.0,7.0,6.0
656,Li7H6,0.0,350.0,3.0,1.0,7.0,6.0
657,Li7H6,0.0,400.0,3.0,1.0,7.0,6.0
658,Li7H6,0.0,450.0,3.0,1.0,7.0,6.0
659,Li7H6,0.0,500.0,3.0,1.0,7.0,6.0
670,Li7H8,0.0,50.0,3.0,1.0,7.0,8.0
671,Li7H8,0.0,100.0,3.0,1.0,7.0,8.0
672,Li7H8,0.0,150.0,3.0,1.0,7.0,8.0
673,Li7H8,0.0,200.0,3.0,1.0,7.0,8.0
674,Li7H8,0.0,250.0,3.0,1.0,7.0,8.0
675,Li7H8,0.0,300.0,3.0,1.0,7.0,8.0
676,Li7H8,0.0,350.0,3.0,1.0,7.0,8.0
677,Li7H8,0.0,400.0,3.0,1.0,7.0,8.0
678,Li7H8,0.0,450.0,3.0,1.0,7.0,8.0
679,Li7H8,0.0,500.0,3.0,1.0,7.0,8.0
680,Li7H9,0.0,50.0,3.0,1.0,7.0,9.0
681,Li7H9,0.0,100.0,3.0,1.0,7.0,9.0
682,Li7H9,0.0,150.0,3.0,1.0,7.0,9.0
683,Li7H9,0.0,200.0,3.0,1.0,7.0,9.0
684,Li7H9,0.0,250.0,3.0,1.0,7.0,9.0
685,Li7H9,0.0,300.0,3.0,1.0,7.0,9.0
686,Li7H9,0.0,350.0,3.0,1.0,7.0,9.0
687,Li7H9,0.0,400.0,3.0,1.0,7.0,9.0
688,Li7H9,0.0,450.0,3.0,1.0,7.0,9.0
689,Li7H9,0.0,500.0,3.0,1.0,7.0,9.0
690,Li7H10,0.0,50.0,3.0,1.0,7.0,10.0
691,Li7H10,0.0,100.0,3.0,1.0,7.0,10.0
692,Li7H10,0.0,150.0,3.0,1.0,7.0,10.0
693,Li7H10,0.0,200.0,3.0,1.0,7.0,10.0
694,Li7H10,0.0,250.0,3.0,1.0,7.0,10.0
695,Li7H10,0.0,300.0,3.0,1.0,7.0,10.0
696,Li7H10,0.0,350.0,3.0,1.0,7.0,10.0
697,Li7H10,0.0,400.0,3.0,1.0,7.0,10.0
698,Li7H10,0.0,450.0,3.0,1.0,7.0,10.0
699,Li7H10,0.0,500.0,3.0,1.0,7.0,10.0
700,Li8H,0.0,50.0,3.0,1.0,8.0,1.0
701,Li8H,0.0,100.0,3.0,1.0,8.0,1.0
702,Li8H,0.0,150.0,3.0,1.0,8.0,1.0
703,Li8H,0.0,200.0,3.0,1.0,8.0,1.0
704,Li8H,0.0,250.0,3.0,1.0,8.0,1.0
705,Li8H,0.0,300.0,3.0,1.0,8.0,1.0
706,Li8H,0.0,350.0,3.0,1.0,8.0,1.0
707,Li8H,0.0,400.0,3.0,1.0,8.0,1.0
708,Li8H,0.0,450.0,3.0,1.0,8.0,1.0
709,Li8H,0.0,500.0,3.0,1.0,8.0,1.0
720,Li8H3,0.0,50.0,3.0,1.0,8.0,3.0
721,Li8H3,0.0,100.0,3.0,1.0,8.0,3.0
722,Li8H3,0.0,150.0,3.0,1.0,8.0,3.0
723,Li8H3,0.0,200.0,3.0,1.0,8.0,3.0
724,Li8H3,0.0,250.0,3.0,1.0,8.0,3.0
725,Li8H3,0.0,300.0,3.0,1.0,8.0,3.0
726,Li8H3,0.0,350.0,3.0,1.0,8.0,3.0
727,Li8H3,0.0,400.0,3.0,1.0,8.0,3.0
728,Li8H3,0.0,450.0,3.0,1.0,8.0,3.0
729,Li8H3,0.0,500.0,3.0,1.0,8.0,3.0
740,Li8H5,0.0,50.0,3.0,1.0,8.0,5.0
741,Li8H5,0.0,100.0,3.0,1.0,8.0,5.0
742,Li8H5,0.0,150.0,3.0,1.0,8.0,5.0
743,Li8H5,0.0,200.0,3.0,1.0,8.0,5.0
744,Li8H5,0.0,250.0,3.0,1.0,8.0,5.0
745,Li8H5,0.0,300.0,3.0,1.0,8.0,5.0
746,Li8H5,0.0,350.0,3.0,1.0,8.0,5.0
747,Li8H5,0.0,400.0,3.0,1.0,8.0,5.0
748,Li8H5,0.0,450.0,3.0,1.0,8.0,5.0
749,Li8H5,0.0,500.0,3.0,1.0,8.0,5.0
760,Li8H7,0.0,50.0,3.0,1.0,8.0,7.0
761,Li8H7,0.0,100.0,3.0,1.0,8.0,7.0
762,Li8H7,0.0,150.0,3.0,1.0,8.0,7.0
763,Li8H7,0.0,200.0,3.0,1.0,8.0,7.0
764,Li8H7,0.0,250.0,3.0,1.0,8.0,7.0
765,Li8H7,0.0,300.0,3.0,1.0,8.0,7.0
766,Li8H7,0.0,350.0,3.0,1.0,8.0,7.0
767,Li8H7,0.0,400.0,3.0,1.0,8.0,7.0
768,Li8H7,0.0,450.0,3.0,1.0,8.0,7.0
769,Li8H7,0.0,500.0,3.0,1.0,8.0,7.0
780,Li8H9,0.0,50.0,3.0,1.0,8.0,9.0
781,Li8H9,0.0,100.0,3.0,1.0,8.0,9.0
782,Li8H9,0.0,150.0,3.0,1.0,8.0,9.0
783,Li8H9,0.0,200.0,3.0,1.0,8.0,9.0
784,Li8H9,0.0,250.0,3.0,1.0,8.0,9.0
785,Li8H9,0.0,300.0,3.0,1.0,8.0,9.0
786,Li8H9,0.0,350.0,3.0,1.0,8.0,9.0
787,Li8H9,0.0,400.0,3.0,1.0,8.0,9.0
788,Li8H9,0.0,450.0,3.0,1.0,8.0,9.0
789,Li8H9,0.0,500.0,3.0,1.0,8.0,9.0
800,Li9H,0.0,50.0,3.0,1.0,9.0,1.0
801,Li9H,0.0,100.0,3.0,1.0,9.0,1.0
802,Li9H,0.0,150.0,3.0,1.0,9.0,1.0
803,Li9H,0.0,200.0,3.0,1.0,9.0,1.0
804,Li9H,0.0,250.0,3.0,1.0,9.0,1.0
805,Li9H,0.0,300.0,3.0,1.0,9.0,1.0
806,Li9H,0.0,350.0,3.0,1.0,9.0,1.0
807,Li9H,0.0,400.0,3.0,1.0,9.0,1.0
808,Li9H,0.0,450.0,3.0,1.0,9.0,1.0
809,Li9H,0.0,500.0,3.0,1.0,9.0,1.0
810,Li9H2,0.0,50.0,3.0,1.0,9.0,2.0
811,Li9H2,0.0,100.0,3.0,1.0,9.0,2.0
812,Li9H2,0.0,150.0,3.0,1.0,9.0,2.0
813,Li9H2,0.0,200.0,3.0,1.0,9.0,2.0
814,Li9H2,0.0,250.0,3.0,1.0,9.0,2.0
815,Li9H2,0.0,300.0,3.0,1.0,9.0,2.0
816,Li9H2,0.0,350.0,3.0,1.0,9.0,2.0
817,Li9H2,0.0,400.0,3.0,1.0,9.0,2.0
818,Li9H2,0.0,450.0,3.0,1.0,9.0,2.0
819,Li9H2,0.0,500.0,3.0,1.0,9.0,2.0
830,Li9H4,0.0,50.0,3.0,1.0,9.0,4.0
831,Li9H4,0.0,100.0,3.0,1.0,9.0,4.0
832,Li9H4,0.0,150.0,3.0,1.0,9.0,4.0
833,Li9H4,0.0,200.0,3.0,1.0,9.0,4.0
834,Li9H4,0.0,250.0,3.0,1.0,9.0,4.0
835,Li9H4,0.0,300.0,3.0,1.0,9.0,4.0
836,Li9H4,0.0,350.0,3.0,1.0,9.0,4.0
837,Li9H4,0.0,400.0,3.0,1.0,9.0,4.0
838,Li9H4,0.0,450.0,3.0,1.0,9.0,4.0
839,Li9H4,0.0,500.0,3.0,1.0,9.0,4.0
840,Li9H5,0.0,50.0,3.0,1.0,9.0,5.0
841,Li9H5,0.0,100.0,3.0,1.0,9.0,5.0
842,Li9H5,0.0,150.0,3.0,1.0,9.0,5.0
843,Li9H5,0.0,200.0,3.0,1.0,9.0,5.0
844,Li9H5,0.0,250.0,3.0,1.0,9.0,5.0
845,Li9H5,0.0,300.0,3.0,1.0,9.0,5.0
846,Li9H5,0.0,350.0,3.0,1.0,9.0,5.0
847,Li9H5,0.0,400.0,3.0,1.0,9.0,5.0
848,Li9H5,0.0,450.0,3.0,1.0,9.0,5.0
849,Li9H5,0.0,500.0,3.0,1.0,9.0,5.0
860,Li9H7,0.0,50.0,3.0,1.0,9.0,7.0
861,Li9H7,0.0,100.0,3.0,1.0,9.0,7.0
862,Li9H7,0.0,150.0,3.0,1.0,9.0,7.0
863,Li9H7,0.0,200.0,3.0,1.0,9.0,7.0
864,Li9H7,0.0,250.0,3.0,1.0,9.0,7.0
865,Li9H7,0.0,300.0,3.0,1.0,9.0,7.0
866,Li9H7,0.0,350.0,3.0,1.0,9.0,7.0
867,Li9H7,0.0,400.0,3.0,1.0,9.0,7.0
868,Li9H7,0.0,450.0,3.0,1.0,9.0,7.0
869,Li9H7,0.0,500.0,3.0,1.0,9.0,7.0
870,Li9H8,0.0,50.0,3.0,1.0,9.0,8.0
871,Li9H8,0.0,100.0,3.0,1.0,9.0,8.0
872,Li9H8,0.0,150.0,3.0,1.0,9.0,8.0
873,Li9H8,0.0,200.0,3.0,1.0,9.0,8.0
874,Li9H8,0.0,250.0,3.0,1.0,9.0,8.0
875,Li9H8,0.0,300.0,3.0,1.0,9.0,8.0
876,Li9H8,0.0,350.0,3.0,1.0,9.0,8.0
877,Li9H8,0.0,400.0,3.0,1.0,9.0,8.0
878,Li9H8,0.0,450.0,3.0,1.0,9.0,8.0
879,Li9H8,0.0,500.0,3.0,1.0,9.0,8.0
890,Li9H10,0.0,50.0,3.0,1.0,9.0,10.0
891,Li9H10,0.0,100.0,3.0,1.0,9.0,10.0
892,Li9H10,0.0,150.0,3.0,1.0,9.0,10.0
893,Li9H10,0.0,200.0,3.0,1.0,9.0,10.0
894,Li9H10,0.0,250.0,3.0,1.0,9.0,10.0
895,Li9H10,0.0,300.0,3.0,1.0,9.0,10.0
896,Li9H10,0.0,350.0,3.0,1.0,9.0,10.0
897,Li9H10,0.0,400.0,3.0,1.0,9.0,10.0
898,Li9H10,0.0,450.0,3.0,1.0,9.0,10.0
899,Li9H10,0.0,500.0,3.0,1.0,9.0,10.0
900,Li10H,0.0,50.0,3.0,1.0,10.0,1.0
901,Li10H,0.0,100.0,3.0,1.0,10.0,1.0
902,Li10H,0.0,150.0,3.0,1.0,10.0,1.0
903,Li10H,0.0,200.0,3.0,1.0,10.0,1.0
904,Li10H,0.0,250.0,3.0,1.0,10.0,1.0
905,Li10H,0.0,300.0,3.0,1.0,10.0,1.0
906,Li10H,0.0,350.0,3.0,1.0,10.0,1.0
907,Li10H,0.0,400.0,3.0,1.0,10.0,1.0
908,Li10H,0.0,450.0,3.0,1.0,10.0,1.0
909,Li10H,0.0,500.0,3.0,1.0,10.0,1.0
920,Li10H3,0.0,50.0,3.0,1.0,10.0,3.0
921,Li10H3,0.0,100.0,3.0,1.0,10.0,3.0
922,Li10H3,0.0,150.0,3.0,1.0,10.0,3.0
923,Li10H3,0.0,200.0,3.0,1.0,10.0,3.0
924,Li10H3,0.0,250.0,3.0,1.0,10.0,3.0
925,Li10H3,0.0,300.0,3.0,1.0,10.0,3.0
926,Li10H3,0.0,350.0,3.0,1.0,10.0,3.0
927,Li10H3,0.0,400.0,3.0,1.0,10.0,3.0
928,Li10H3,0.0,450.0,3.0,1.0,10.0,3.0
929,Li10H3,0.0,500.0,3.0,1.0,10.0,3.0
960,Li10H7,0.0,50.0,3.0,1.0,10.0,7.0
961,Li10H7,0.0,100.0,3.0,1.0,10.0,7.0
962,Li10H7,0.0,150.0,3.0,1.0,10.0,7.0
963,Li10H7,0.0,200.0,3.0,1.0,10.0,7.0
964,Li10H7,0.0,250.0,3.0,1.0,10.0,7.0
965,Li10H7,0.0,300.0,3.0,1.0,10.0,7.0
966,Li10H7,0.0,350.0,3.0,1.0,10.0,7.0
967,Li10H7,0.0,400.0,3.0,1.0,10.0,7.0
968,Li10H7,0.0,450.0,3.0,1.0,10.0,7.0
969,Li10H7,0.0,500.0,3.0,1.0,10.0,7.0
980,Li10H9,0.0,50.0,3.0,1.0,10.0,9.0
981,Li10H9,0.0,100.0,3.0,1.0,10.0,9.0
982,Li10H9,0.0,150.0,3.0,1.0,10.0,9.0
983,Li10H9,0.0,200.0,3.0,1.0,10.0,9.0
984,Li10H9,0.0,250.0,3.0,1.0,10.0,9.0
985,Li10H9,0.0,300.0,3.0,1.0,10.0,9.0
986,Li10H9,0.0,350.0,3.0,1.0,10.0,9.0
987,Li10H9,0.0,400.0,3.0,1.0,10.0,9.0
988,Li10H9,0.0,450.0,3.0,1.0,10.0,9.0
989,Li10H9,0.0,500.0,3.0,1.0,10.0,9.0
1000,BeH,0.0,50.0,4.0,1.0,1.0,1.0
1001,BeH,0.0,100.0,4.0,1.0,1.0,1.0
1002,BeH,0.0,150.0,4.0,1.0,1.0,1.0
1003,BeH,0.0,200.0,4.0,1.0,1.0,1.0
1004,BeH,0.0,250.0,4.0,1.0,1.0,1.0
1005,BeH,0.0,300.0,4.0,1.0,1.0,1.0
1006,BeH,0.0,350.0,4.0,1.0,1.0,1.0
1007,BeH,0.0,400.0,4.0,1.0,1.0,1.0
1008,BeH,0.0,450.0,4.0,1.0,1.0,1.0
1009,BeH,0.0,500.0,4.0,1.0,1.0,1.0
1010,BeH2,0.0,50.0,4.0,1.0,1.0,2.0
1011,BeH2,0.0,100.0,4.0,1.0,1.0,2.0
1012,BeH2,0.0,150.0,4.0,1.0,1.0,2.0
1013,BeH2,0.0,200.0,4.0,1.0,1.0,2.0
1014,BeH2,0.0,250.0,4.0,1.0,1.0,2.0
1015,BeH2,0.0,300.0,4.0,1.0,1.0,2.0
1016,BeH2,0.0,350.0,4.0,1.0,1.0,2.0
1017,BeH2,0.0,400.0,4.0,1.0,1.0,2.0
1018,BeH2,0.0,450.0,4.0,1.0,1.0,2.0
1019,BeH2,0.0,500.0,4.0,1.0,1.0,2.0
1020,BeH3,0.0,50.0,4.0,1.0,1.0,3.0
1021,BeH3,0.0,100.0,4.0,1.0,1.0,3.0
1022,BeH3,0.0,150.0,4.0,1.0,1.0,3.0
1023,BeH3,0.0,200.0,4.0,1.0,1.0,3.0
1024,BeH3,0.0,250.0,4.0,1.0,1.0,3.0
1025,BeH3,0.0,300.0,4.0,1.0,1.0,3.0
1026,BeH3,0.0,350.0,4.0,1.0,1.0,3.0
1027,BeH3,0.0,400.0,4.0,1.0,1.0,3.0
1028,BeH3,0.0,450.0,4.0,1.0,1.0,3.0
1029,BeH3,0.0,500.0,4.0,1.0,1.0,3.0
1030,BeH4,0.0,50.0,4.0,1.0,1.0,4.0
1031,BeH4,0.0,100.0,4.0,1.0,1.0,4.0
1032,BeH4,0.0,150.0,4.0,1.0,1.0,4.0
1033,BeH4,0.0,200.0,4.0,1.0,1.0,4.0
1034,BeH4,0.0,250.0,4.0,1.0,1.0,4.0
1035,BeH4,0.0,300.0,4.0,1.0,1.0,4.0
1036,BeH4,0.0,350.0,4.0,1.0,1.0,4.0
1037,BeH4,0.0,400.0,4.0,1.0,1.0,4.0
1038,BeH4,0.0,450.0,4.0,1.0,1.0,4.0
1039,BeH4,0.0,500.0,4.0,1.0,1.0,4.0
1040,BeH5,0.0,50.0,4.0,1.0,1.0,5.0
1041,BeH5,0.0,100.0,4.0,1.0,1.0,5.0
1042,BeH5,0.0,150.0,4.0,1.0,1.0,5.0
1043,BeH5,0.0,200.0,4.0,1.0,1.0,5.0
1044,BeH5,0.0,250.0,4.0,1.0,1.0,5.0
1045,BeH5,0.0,300.0,4.0,1.0,1.0,5.0
1046,BeH5,0.0,350.0,4.0,1.0,1.0,5.0
1047,BeH5,0.0,400.0,4.0,1.0,1.0,5.0
1048,BeH5,0.0,450.0,4.0,1.0,1.0,5.0
1049,BeH5,0.0,500.0,4.0,1.0,1.0,5.0
1050,BeH6,0.0,50.0,4.0,1.0,1.0,6.0
1051,BeH6,0.0,100.0,4.0,1.0,1.0,6.0
1052,BeH6,0.0,150.0,4.0,1.0,1.0,6.0
1053,BeH6,0.0,200.0,4.0,1.0,1.0,6.0
1054,BeH6,0.0,250.0,4.0,1.0,1.0,6.0
1055,BeH6,0.0,300.0,4.0,1.0,1.0,6.0
1056,BeH6,0.0,350.0,4.0,1.0,1.0,6.0
1057,BeH6,0.0,400.0,4.0,1.0,1.0,6.0
1058,BeH6,0.0,450.0,4.0,1.0,1.0,6.0
1059,BeH6,0.0,500.0,4.0,1.0,1.0,6.0
1060,BeH7,0.0,50.0,4.0,1.0,1.0,7.0
1061,BeH7,0.0,100.0,4.0,1.0,1.0,7.0
1062,BeH7,0.0,150.0,4.0,1.0,1.0,7.0
1063,BeH7,0.0,200.0,4.0,1.0,1.0,7.0
1064,BeH7,0.0,250.0,4.0,1.0,1.0,7.0
1065,BeH7,0.0,300.0,4.0,1.0,1.0,7.0
1066,BeH7,0.0,350.0,4.0,1.0,1.0,7.0
1067,BeH7,0.0,400.0,4.0,1.0,1.0,7.0
1068,BeH7,0.0,450.0,4.0,1.0,1.0,7.0
1069,BeH7,0.0,500.0,4.0,1.0,1.0,7.0
1070,BeH8,0.0,50.0,4.0,1.0,1.0,8.0
1071,BeH8,0.0,100.0,4.0,1.0,1.0,8.0
1072,BeH8,0.0,150.0,4.0,1.0,1.0,8.0
1073,BeH8,0.0,200.0,4.0,1.0,1.0,8.0
1074,BeH8,0.0,250.0,4.0,1.0,1.0,8.0
1075,BeH8,0.0,300.0,4.0,1.0,1.0,8.0
1076,BeH8,0.0,350.0,4.0,1.0,1.0,8.0
1077,BeH8,0.0,400.0,4.0,1.0,1.0,8.0
1078,BeH8,0.0,450.0,4.0,1.0,1.0,8.0
1079,BeH8,0.0,500.0,4.0,1.0,1.0,8.0
1080,BeH9,0.0,50.0,4.0,1.0,1.0,9.0
1081,BeH9,0.0,100.0,4.0,1.0,1.0,9.0
1082,BeH9,0.0,150.0,4.0,1.0,1.0,9.0
1083,BeH9,0.0,200.0,4.0,1.0,1.0,9.0
1084,BeH9,0.0,250.0,4.0,1.0,1.0,9.0
1085,BeH9,0.0,300.0,4.0,1.0,1.0,9.0
1086,BeH9,0.0,350.0,4.0,1.0,1.0,9.0
1087,BeH9,0.0,400.0,4.0,1.0,1.0,9.0
1088,BeH9,0.0,450.0,4.0,1.0,1.0,9.0
1089,BeH9,0.0,500.0,4.0,1.0,1.0,9.0
1090,BeH10,0.0,50.0,4.0,1.0,1.0,10.0
1091,BeH10,0.0,100.0,4.0,1.0,1.0,10.0
1092,BeH10,0.0,150.0,4.0,1.0,1.0,10.0
1093,BeH10,0.0,200.0,4.0,1.0,1.0,10.0
1094,BeH10,0.0,250.0,4.0,1.0,1.0,10.0
1095,BeH10,0.0,300.0,4.0,1.0,1.0,10.0
1096,BeH10,0.0,350.0,4.0,1.0,1.0,10.0
1097,BeH10,0.0,400.0,4.0,1.0,1.0,10.0
1098,BeH10,0.0,450.0,4.0,1.0,1.0,10.0
1099,BeH10,0.0,500.0,4.0,1.0,1.0,10.0
1100,Be2H,0.0,50.0,4.0,1.0,2.0,1.0
1101,Be2H,0.0,100.0,4.0,1.0,2.0,1.0
1102,Be2H,0.0,150.0,4.0,1.0,2.0,1.0
1103,Be2H,0.0,200.0,4.0,1.0,2.0,1.0
1104,Be2H,0.0,250.0,4.0,1.0,2.0,1.0
1105,Be2H,0.0,300.0,4.0,1.0,2.0,1.0
1106,Be2H,0.0,350.0,4.0,1.0,2.0,1.0
1107,Be2H,0.0,400.0,4.0,1.0,2.0,1.0
1108,Be2H,0.0,450.0,4.0,1.0,2.0,1.0
1109,Be2H,0.0,500.0,4.0,1.0,2.0,1.0
1120,Be2H3,0.0,50.0,4.0,1.0,2.0,3.0
1121,Be2H3,0.0,100.0,4.0,1.0,2.0,3.0
1122,Be2H3,0.0,150.0,4.0,1.0,2.0,3.0
1123,Be2H3,0.0,200.0,4.0,1.0,2.0,3.0
1124,Be2H3,0.0,250.0,4.0,1.0,2.0,3.0
1125,Be2H3,0.0,300.0,4.0,1.0,2.0,3.0
1126,Be2H3,0.0,350.0,4.0,1.0,2.0,3.0
1127,Be2H3,0.0,400.0,4.0,1.0,2.0,3.0
1128,Be2H3,0.0,450.0,4.0,1.0,2.0,3.0
1129,Be2H3,0.0,500.0,4.0,1.0,2.0,3.0
1140,Be2H5,0.0,50.0,4.0,1.0,2.0,5.0
1141,Be2H5,0.0,100.0,4.0,1.0,2.0,5.0
1142,Be2H5,0.0,150.0,4.0,1.0,2.0,5.0
1143,Be2H5,0.0,200.0,4.0,1.0,2.0,5.0
1144,Be2H5,0.0,250.0,4.0,1.0,2.0,5.0
1145,Be2H5,0.0,300.0,4.0,1.0,2.0,5.0
1146,Be2H5,0.0,350.0,4.0,1.0,2.0,5.0
1147,Be2H5,0.0,400.0,4.0,1.0,2.0,5.0
1148,Be2H5,0.0,450.0,4.0,1.0,2.0,5.0
1149,Be2H5,0.0,500.0,4.0,1.0,2.0,5.0
1160,Be2H7,0.0,50.0,4.0,1.0,2.0,7.0
1161,Be2H7,0.0,100.0,4.0,1.0,2.0,7.0
1162,Be2H7,0.0,150.0,4.0,1.0,2.0,7.0
1163,Be2H7,0.0,200.0,4.0,1.0,2.0,7.0
1164,Be2H7,0.0,250.0,4.0,1.0,2.0,7.0
1165,Be2H7,0.0,300.0,4.0,1.0,2.0,7.0
1166,Be2H7,0.0,350.0,4.0,1.0,2.0,7.0
1167,Be2H7,0.0,400.0,4.0,1.0,2.0,7.0
1168,Be2H7,0.0,450.0,4.0,1.0,2.0,7.0
1169,Be2H7,0.0,500.0,4.0,1.0,2.0,7.0
1180,Be2H9,0.0,50.0,4.0,1.0,2.0,9.0
1181,Be2H9,0.0,100.0,4.0,1.0,2.0,9.0
1182,Be2H9,0.0,150.0,4.0,1.0,2.0,9.0
1183,Be2H9,0.0,200.0,4.0,1.0,2.0,9.0
1184,Be2H9,0.0,250.0,4.0,1.0,2.0,9.0
1185,Be2H9,0.0,300.0,4.0,1.0,2.0,9.0
1186,Be2H9,0.0,350.0,4.0,1.0,2.0,9.0
1187,Be2H9,0.0,400.0,4.0,1.0,2.0,9.0
1188,Be2H9,0.0,450.0,4.0,1.0,2.0,9.0
1189,Be2H9,0.0,500.0,4.0,1.0,2.0,9.0
1200,Be3H,0.0,50.0,4.0,1.0,3.0,1.0
1201,Be3H,0.0,100.0,4.0,1.0,3.0,1.0
1202,Be3H,0.0,150.0,4.0,1.0,3.0,1.0
1203,Be3H,0.0,200.0,4.0,1.0,3.0,1.0
1204,Be3H,0.0,250.0,4.0,1.0,3.0,1.0
1205,Be3H,0.0,300.0,4.0,1.0,3.0,1.0
1206,Be3H,0.0,350.0,4.0,1.0,3.0,1.0
1207,Be3H,0.0,400.0,4.0,1.0,3.0,1.0
1208,Be3H,0.0,450.0,4.0,1.0,3.0,1.0
1209,Be3H,0.0,500.0,4.0,1.0,3.0,1.0
1210,Be3H2,0.0,50.0,4.0,1.0,3.0,2.0
1211,Be3H2,0.0,100.0,4.0,1.0,3.0,2.0
1212,Be3H2,0.0,150.0,4.0,1.0,3.0,2.0
1213,Be3H2,0.0,200.0,4.0,1.0,3.0,2.0
1214,Be3H2,0.0,250.0,4.0,1.0,3.0,2.0
1215,Be3H2,0.0,300.0,4.0,1.0,3.0,2.0
1216,Be3H2,0.0,350.0,4.0,1.0,3.0,2.0
1217,Be3H2,0.0,400.0,4.0,1.0,3.0,2.0
1218,Be3H2,0.0,450.0,4.0,1.0,3.0,2.0
1219,Be3H2,0.0,500.0,4.0,1.0,3.0,2.0
1230,Be3H4,0.0,50.0,4.0,1.0,3.0,4.0
1231,Be3H4,0.0,100.0,4.0,1.0,3.0,4.0
1232,Be3H4,0.0,150.0,4.0,1.0,3.0,4.0
1233,Be3H4,0.0,200.0,4.0,1.0,3.0,4.0
1234,Be3H4,0.0,250.0,4.0,1.0,3.0,4.0
1235,Be3H4,0.0,300.0,4.0,1.0,3.0,4.0
1236,Be3H4,0.0,350.0,4.0,1.0,3.0,4.0
1237,Be3H4,0.0,400.0,4.0,1.0,3.0,4.0
1238,Be3H4,0.0,450.0,4.0,1.0,3.0,4.0
1239,Be3H4,0.0,500.0,4.0,1.0,3.0,4.0
1240,Be3H5,0.0,50.0,4.0,1.0,3.0,5.0
1241,Be3H5,0.0,100.0,4.0,1.0,3.0,5.0
1242,Be3H5,0.0,150.0,4.0,1.0,3.0,5.0
1243,Be3H5,0.0,200.0,4.0,1.0,3.0,5.0
1244,Be3H5,0.0,250.0,4.0,1.0,3.0,5.0
1245,Be3H5,0.0,300.0,4.0,1.0,3.0,5.0
1246,Be3H5,0.0,350.0,4.0,1.0,3.0,5.0
1247,Be3H5,0.0,400.0,4.0,1.0,3.0,5.0
1248,Be3H5,0.0,450.0,4.0,1.0,3.0,5.0
1249,Be3H5,0.0,500.0,4.0,1.0,3.0,5.0
1260,Be3H7,0.0,50.0,4.0,1.0,3.0,7.0
1261,Be3H7,0.0,100.0,4.0,1.0,3.0,7.0
1262,Be3H7,0.0,150.0,4.0,1.0,3.0,7.0
1263,Be3H7,0.0,200.0,4.0,1.0,3.0,7.0
1264,Be3H7,0.0,250.0,4.0,1.0,3.0,7.0
1265,Be3H7,0.0,300.0,4.0,1.0,3.0,7.0
1266,Be3H7,0.0,350.0,4.0,1.0,3.0,7.0
1267,Be3H7,0.0,400.0,4.0,1.0,3.0,7.0
1268,Be3H7,0.0,450.0,4.0,1.0,3.0,7.0
1269,Be3H7,0.0,500.0,4.0,1.0,3.0,7.0
1270,Be3H8,0.0,50.0,4.0,1.0,3.0,8.0
1271,Be3H8,0.0,100.0,4.0,1.0,3.0,8.0
1272,Be3H8,0.0,150.0,4.0,1.0,3.0,8.0
1273,Be3H8,0.0,200.0,4.0,1.0,3.0,8.0
1274,Be3H8,0.0,250.0,4.0,1.0,3.0,8.0
1275,Be3H8,0.0,300.0,4.0,1.0,3.0,8.0
1276,Be3H8,0.0,350.0,4.0,1.0,3.0,8.0
1277,Be3H8,0.0,400.0,4.0,1.0,3.0,8.0
1278,Be3H8,0.0,450.0,4.0,1.0,3.0,8.0
1279,Be3H8,0.0,500.0,4.0,1.0,3.0,8.0
1290,Be3H10,0.0,50.0,4.0,1.0,3.0,10.0
1291,Be3H10,0.0,100.0,4.0,1.0,3.0,10.0
1292,Be3H10,0.0,150.0,4.0,1.0,3.0,10.0
1293,Be3H10,0.0,200.0,4.0,1.0,3.0,10.0
1294,Be3H10,0.0,250.0,4.0,1.0,3.0,10.0
1295,Be3H10,0.0,300.0,4.0,1.0,3.0,10.0
1296,Be3H10,0.0,350.0,4.0,1.0,3.0,10.0
1297,Be3H10,0.0,400.0,4.0,1.0,3.0,10.0
1298,Be3H10,0.0,450.0,4.0,1.0,3.0,10.0
1299,Be3H10,0.0,500.0,4.0,1.0,3.0,10.0
1300,Be4H,0.0,50.0,4.0,1.0,4.0,1.0
1301,Be4H,0.0,100.0,4.0,1.0,4.0,1.0
1302,Be4H,0.0,150.0,4.0,1.0,4.0,1.0
1303,Be4H,0.0,200.0,4.0,1.0,4.0,1.0
1304,Be4H,0.0,250.0,4.0,1.0,4.0,1.0
1305,Be4H,0.0,300.0,4.0,1.0,4.0,1.0
1306,Be4H,0.0,350.0,4.0,1.0,4.0,1.0
1307,Be4H,0.0,400.0,4.0,1.0,4.0,1.0
1308,Be4H,0.0,450.0,4.0,1.0,4.0,1.0
1309,Be4H,0.0,500.0,4.0,1.0,4.0,1.0
1320,Be4H3,0.0,50.0,4.0,1.0,4.0,3.0
1321,Be4H3,0.0,100.0,4.0,1.0,4.0,3.0
1322,Be4H3,0.0,150.0,4.0,1.0,4.0,3.0
1323,Be4H3,0.0,200.0,4.0,1.0,4.0,3.0
1324,Be4H3,0.0,250.0,4.0,1.0,4.0,3.0
1325,Be4H3,0.0,300.0,4.0,1.0,4.0,3.0
1326,Be4H3,0.0,350.0,4.0,1.0,4.0,3.0
1327,Be4H3,0.0,400.0,4.0,1.0,4.0,3.0
1328,Be4H3,0.0,450.0,4.0,1.0,4.0,3.0
1329,Be4H3,0.0,500.0,4.0,1.0,4.0,3.0
1340,Be4H5,0.0,50.0,4.0,1.0,4.0,5.0
1341,Be4H5,0.0,100.0,4.0,1.0,4.0,5.0
1342,Be4H5,0.0,150.0,4.0,1.0,4.0,5.0
1343,Be4H5,0.0,200.0,4.0,1.0,4.0,5.0
1344,Be4H5,0.0,250.0,4.0,1.0,4.0,5.0
1345,Be4H5,0.0,300.0,4.0,1.0,4.0,5.0
1346,Be4H5,0.0,350.0,4.0,1.0,4.0,5.0
1347,Be4H5,0.0,400.0,4.0,1.0,4.0,5.0
1348,Be4H5,0.0,450.0,4.0,1.0,4.0,5.0
1349,Be4H5,0.0,500.0,4.0,1.0,4.0,5.0
1360,Be4H7,0.0,50.0,4.0,1.0,4.0,7.0
1361,Be4H7,0.0,100.0,4.0,1.0,4.0,7.0
1362,Be4H7,0.0,150.0,4.0,1.0,4.0,7.0
1363,Be4H7,0.0,200.0,4.0,1.0,4.0,7.0
1364,Be4H7,0.0,250.0,4.0,1.0,4.0,7.0
1365,Be4H7,0.0,300.0,4.0,1.0,4.0,7.0
1366,Be4H7,0.0,350.0,4.0,1.0,4.0,7.0
1367,Be4H7,0.0,400.0,4.0,1.0,4.0,7.0
1368,Be4H7,0.0,450.0,4.0,1.0,4.0,7.0
1369,Be4H7,0.0,500.0,4.0,1.0,4.0,7.0
1380,Be4H9,0.0,50.0,4.0,1.0,4.0,9.0
1381,Be4H9,0.0,100.0,4.0,1.0,4.0,9.0
1382,Be4H9,0.0,150.0,4.0,1.0,4.0,9.0
1383,Be4H9,0.0,200.0,4.0,1.0,4.0,9.0
1384,Be4H9,0.0,250.0,4.0,1.0,4.0,9.0
1385,Be4H9,0.0,300.0,4.0,1.0,4.0,9.0
1386,Be4H9,0.0,350.0,4.0,1.0,4.0,9.0
1387,Be4H9,0.0,400.0,4.0,1.0,4.0,9.0
1388,Be4H9,0.0,450.0,4.0,1.0,4.0,9.0
1389,Be4H9,0.0,500.0,4.0,1.0,4.0,9.0
1400,Be5H,0.0,50.0,4.0,1.0,5.0,1.0
1401,Be5H,0.0,100.0,4.0,1.0,5.0,1.0
1402,Be5H,0.0,150.0,4.0,1.0,5.0,1.0
1403,Be5H,0.0,200.0,4.0,1.0,5.0,1.0
1404,Be5H,0.0,250.0,4.0,1.0,5.0,1.0
1405,Be5H,0.0,300.0,4.0,1.0,5.0,1.0
1406,Be5H,0.0,350.0,4.0,1.0,5.0,1.0
1407,Be5H,0.0,400.0,4.0,1.0,5.0,1.0
1408,Be5H,0.0,450.0,4.0,1.0,5.0,1.0
1409,Be5H,0.0,500.0,4.0,1.0,5.0,1.0
1410,Be5H2,0.0,50.0,4.0,1.0,5.0,2.0
1411,Be5H2,0.0,100.0,4.0,1.0,5.0,2.0
1412,Be5H2,0.0,150.0,4.0,1.0,5.0,2.0
1413,Be5H2,0.0,200.0,4.0,1.0,5.0,2.0
1414,Be5H2,0.0,250.0,4.0,1.0,5.0,2.0
1415,Be5H2,0.0,300.0,4.0,1.0,5.0,2.0
1416,Be5H2,0.0,350.0,4.0,1.0,5.0,2.0
1417,Be5H2,0.0,400.0,4.0,1.0,5.0,2.0
1418,Be5H2,0.0,450.0,4.0,1.0,5.0,2.0
1419,Be5H2,0.0,500.0,4.0,1.0,5.0,2.0
1420,Be5H3,0.0,50.0,4.0,1.0,5.0,3.0
1421,Be5H3,0.0,100.0,4.0,1.0,5.0,3.0
1422,Be5H3,0.0,150.0,4.0,1.0,5.0,3.0
1423,Be5H3,0.0,200.0,4.0,1.0,5.0,3.0
1424,Be5H3,0.0,250.0,4.0,1.0,5.0,3.0
1425,Be5H3,0.0,300.0,4.0,1.0,5.0,3.0
1426,Be5H3,0.0,350.0,4.0,1.0,5.0,3.0
1427,Be5H3,0.0,400.0,4.0,1.0,5.0,3.0
1428,Be5H3,0.0,450.0,4.0,1.0,5.0,3.0
1429,Be5H3,0.0,500.0,4.0,1.0,5.0,3.0
1430,Be5H4,0.0,50.0,4.0,1.0,5.0,4.0
1431,Be5H4,0.0,100.0,4.0,1.0,5.0,4.0
1432,Be5H4,0.0,150.0,4.0,1.0,5.0,4.0
1433,Be5H4,0.0,200.0,4.0,1.0,5.0,4.0
1434,Be5H4,0.0,250.0,4.0,1.0,5.0,4.0
1435,Be5H4,0.0,300.0,4.0,1.0,5.0,4.0
1436,Be5H4,0.0,350.0,4.0,1.0,5.0,4.0
1437,Be5H4,0.0,400.0,4.0,1.0,5.0,4.0
1438,Be5H4,0.0,450.0,4.0,1.0,5.0,4.0
1439,Be5H4,0.0,500.0,4.0,1.0,5.0,4.0
1450,Be5H6,0.0,50.0,4.0,1.0,5.0,6.0
1451,Be5H6,0.0,100.0,4.0,1.0,5.0,6.0
1452,Be5H6,0.0,150.0,4.0,1.0,5.0,6.0
1453,Be5H6,0.0,200.0,4.0,1.0,5.0,6.0
1454,Be5H6,0.0,250.0,4.0,1.0,5.0,6.0
1455,Be5H6,0.0,300.0,4.0,1.0,5.0,6.0
1456,Be5H6,0.0,350.0,4.0,1.0,5.0,6.0
1457,Be5H6,0.0,400.0,4.0,1.0,5.0,6.0
1458,Be5H6,0.0,450.0,4.0,1.0,5.0,6.0
1459,Be5H6,0.0,500.0,4.0,1.0,5.0,6.0
1460,Be5H7,0.0,50.0,4.0,1.0,5.0,7.0
1461,Be5H7,0.0,100.0,4.0,1.0,5.0,7.0
1462,Be5H7,0.0,150.0,4.0,1.0,5.0,7.0
1463,Be5H7,0.0,200.0,4.0,1.0,5.0,7.0
1464,Be5H7,0.0,250.0,4.0,1.0,5.0,7.0
1465,Be5H7,0.0,300.0,4.0,1.0,5.0,7.0
1466,Be5H7,0.0,350.0,4.0,1.0,5.0,7.0
1467,Be5H7,0.0,400.0,4.0,1.0,5.0,7.0
1468,Be5H7,0.0,450.0,4.0,1.0,5.0,7.0
1469,Be5H7,0.0,500.0,4.0,1.0,5.0,7.0
1470,Be5H8,0.0,50.0,4.0,1.0,5.0,8.0
1471,Be5H8,0.0,100.0,4.0,1.0,5.0,8.0
1472,Be5H8,0.0,150.0,4.0,1.0,5.0,8.0
1473,Be5H8,0.0,200.0,4.0,1.0,5.0,8.0
1474,Be5H8,0.0,250.0,4.0,1.0,5.0,8.0
1475,Be5H8,0.0,300.0,4.0,1.0,5.0,8.0
1476,Be5H8,0.0,350.0,4.0,1.0,5.0,8.0
1477,Be5H8,0.0,400.0,4.0,1.0,5.0,8.0
1478,Be5H8,0.0,450.0,4.0,1.0,5.0,8.0
1479,Be5H8,0.0,500.0,4.0,1.0,5.0,8.0
1480,Be5H9,0.0,50.0,4.0,1.0,5.0,9.0
1481,Be5H9,0.0,100.0,4.0,1.0,5.0,9.0
1482,Be5H9,0.0,150.0,4.0,1.0,5.0,9.0
1483,Be5H9,0.0,200.0,4.0,1.0,5.0,9.0
1484,Be5H9,0.0,250.0,4.0,1.0,5.0,9.0
1485,Be5H9,0.0,300.0,4.0,1.0,5.0,9.0
1486,Be5H9,0.0,350.0,4.0,1.0,5.0,9.0
1487,Be5H9,0.0,400.0,4.0,1.0,5.0,9.0
1488,Be5H9,0.0,450.0,4.0,1.0,5.0,9.0
1489,Be5H9,0.0,500.0,4.0,1.0,5.0,9.0
1500,Be6H,0.0,50.0,4.0,1.0,6.0,1.0
1501,Be6H,0.0,100.0,4.0,1.0,6.0,1.0
1502,Be6H,0.0,150.0,4.0,1.0,6.0,1.0
1503,Be6H,0.0,200.0,4.0,1.0,6.0,1.0
1504,Be6H,0.0,250.0,4.0,1.0,6.0,1.0
1505,Be6H,0.0,300.0,4.0,1.0,6.0,1.0
1506,Be6H,0.0,350.0,4.0,1.0,6.0,1.0
1507,Be6H,0.0,400.0,4.0,1.0,6.0,1.0
1508,Be6H,0.0,450.0,4.0,1.0,6.0,1.0
1509,Be6H,0.0,500.0,4.0,1.0,6.0,1.0
1540,Be6H5,0.0,50.0,4.0,1.0,6.0,5.0
1541,Be6H5,0.0,100.0,4.0,1.0,6.0,5.0
1542,Be6H5,0.0,150.0,4.0,1.0,6.0,5.0
1543,Be6H5,0.0,200.0,4.0,1.0,6.0,5.0
1544,Be6H5,0.0,250.0,4.0,1.0,6.0,5.0
1545,Be6H5,0.0,300.0,4.0,1.0,6.0,5.0
1546,Be6H5,0.0,350.0,4.0,1.0,6.0,5.0
1547,Be6H5,0.0,400.0,4.0,1.0,6.0,5.0
1548,Be6H5,0.0,450.0,4.0,1.0,6.0,5.0
1549,Be6H5,0.0,500.0,4.0,1.0,6.0,5.0
1560,Be6H7,0.0,50.0,4.0,1.0,6.0,7.0
1561,Be6H7,0.0,100.0,4.0,1.0,6.0,7.0
1562,Be6H7,0.0,150.0,4.0,1.0,6.0,7.0
1563,Be6H7,0.0,200.0,4.0,1.0,6.0,7.0
1564,Be6H7,0.0,250.0,4.0,1.0,6.0,7.0
1565,Be6H7,0.0,300.0,4.0,1.0,6.0,7.0
1566,Be6H7,0.0,350.0,4.0,1.0,6.0,7.0
1567,Be6H7,0.0,400.0,4.0,1.0,6.0,7.0
1568,Be6H7,0.0,450.0,4.0,1.0,6.0,7.0
1569,Be6H7,0.0,500.0,4.0,1.0,6.0,7.0
1600,Be7H,0.0,50.0,4.0,1.0,7.0,1.0
1601,Be7H,0.0,100.0,4.0,1.0,7.0,1.0
1602,Be7H,0.0,150.0,4.0,1.0,7.0,1.0
1603,Be7H,0.0,200.0,4.0,1.0,7.0,1.0
1604,Be7H,0.0,250.0,4.0,1.0,7.0,1.0
1605,Be7H,0.0,300.0,4.0,1.0,7.0,1.0
1606,Be7H,0.0,350.0,4.0,1.0,7.0,1.0
1607,Be7H,0.0,400.0,4.0,1.0,7.0,1.0
1608,Be7H,0.0,450.0,4.0,1.0,7.0,1.0
1609,Be7H,0.0,500.0,4.0,1.0,7.0,1.0
1610,Be7H2,0.0,50.0,4.0,1.0,7.0,2.0
1611,Be7H2,0.0,100.0,4.0,1.0,7.0,2.0
1612,Be7H2,0.0,150.0,4.0,1.0,7.0,2.0
1613,Be7H2,0.0,200.0,4.0,1.0,7.0,2.0
1614,Be7H2,0.0,250.0,4.0,1.0,7.0,2.0
1615,Be7H2,0.0,300.0,4.0,1.0,7.0,2.0
1616,Be7H2,0.0,350.0,4.0,1.0,7.0,2.0
1617,Be7H2,0.0,400.0,4.0,1.0,7.0,2.0
1618,Be7H2,0.0,450.0,4.0,1.0,7.0,2.0
1619,Be7H2,0.0,500.0,4.0,1.0,7.0,2.0
1620,Be7H3,0.0,50.0,4.0,1.0,7.0,3.0
1621,Be7H3,0.0,100.0,4.0,1.0,7.0,3.0
1622,Be7H3,0.0,150.0,4.0,1.0,7.0,3.0
1623,Be7H3,0.0,200.0,4.0,1.0,7.0,3.0
1624,Be7H3,0.0,250.0,4.0,1.0,7.0,3.0
1625,Be7H3,0.0,300.0,4.0,1.0,7.0,3.0
1626,Be7H3,0.0,350.0,4.0,1.0,7.0,3.0
1627,Be7H3,0.0,400.0,4.0,1.0,7.0,3.0
1628,Be7H3,0.0,450.0,4.0,1.0,7.0,3.0
1629,Be7H3,0.0,500.0,4.0,1.0,7.0,3.0
1630,Be7H4,0.0,50.0,4.0,1.0,7.0,4.0
1631,Be7H4,0.0,100.0,4.0,1.0,7.0,4.0
1632,Be7H4,0.0,150.0,4.0,1.0,7.0,4.0
1633,Be7H4,0.0,200.0,4.0,1.0,7.0,4.0
1634,Be7H4,0.0,250.0,4.0,1.0,7.0,4.0
1635,Be7H4,0.0,300.0,4.0,1.0,7.0,4.0
1636,Be7H4,0.0,350.0,4.0,1.0,7.0,4.0
1637,Be7H4,0.0,400.0,4.0,1.0,7.0,4.0
1638,Be7H4,0.0,450.0,4.0,1.0,7.0,4.0
1639,Be7H4,0.0,500.0,4.0,1.0,7.0,4.0
1640,Be7H5,0.0,50.0,4.0,1.0,7.0,5.0
1641,Be7H5,0.0,100.0,4.0,1.0,7.0,5.0
1642,Be7H5,0.0,150.0,4.0,1.0,7.0,5.0
1643,Be7H5,0.0,200.0,4.0,1.0,7.0,5.0
1644,Be7H5,0.0,250.0,4.0,1.0,7.0,5.0
1645,Be7H5,0.0,300.0,4.0,1.0,7.0,5.0
1646,Be7H5,0.0,350.0,4.0,1.0,7.0,5.0
1647,Be7H5,0.0,400.0,4.0,1.0,7.0,5.0
1648,Be7H5,0.0,450.0,4.0,1.0,7.0,5.0
1649,Be7H5,0.0,500.0,4.0,1.0,7.0,5.0
1650,Be7H6,0.0,50.0,4.0,1.0,7.0,6.0
1651,Be7H6,0.0,100.0,4.0,1.0,7.0,6.0
1652,Be7H6,0.0,150.0,4.0,1.0,7.0,6.0
1653,Be7H6,0.0,200.0,4.0,1.0,7.0,6.0
1654,Be7H6,0.0,250.0,4.0,1.0,7.0,6.0
1655,Be7H6,0.0,300.0,4.0,1.0,7.0,6.0
1656,Be7H6,0.0,350.0,4.0,1.0,7.0,6.0
1657,Be7H6,0.0,400.0,4.0,1.0,7.0,6.0
1658,Be7H6,0.0,450.0,4.0,1.0,7.0,6.0
1659,Be7H6,0.0,500.0,4.0,1.0,7.0,6.0
1670,Be7H8,0.0,50.0,4.0,1.0,7.0,8.0
1671,Be7H8,0.0,100.0,4.0,1.0,7.0,8.0
1672,Be7H8,0.0,150.0,4.0,1.0,7.0,8.0
1673,Be7H8,0.0,200.0,4.0,1.0,7.0,8.0
1674,Be7H8,0.0,250.0,4.0,1.0,7.0,8.0
1675,Be7H8,0.0,300.0,4.0,1.0,7.0,8.0
1676,Be7H8,0.0,350.0,4.0,1.0,7.0,8.0
1677,Be7H8,0.0,400.0,4.0,1.0,7.0,8.0
1678,Be7H8,0.0,450.0,4.0,1.0,7.0,8.0
1679,Be7H8,0.0,500.0,4.0,1.0,7.0,8.0
1680,Be7H9,0.0,50.0,4.0,1.0,7.0,9.0
1681,Be7H9,0.0,100.0,4.0,1.0,7.0,9.0
1682,Be7H9,0.0,150.0,4.0,1.0,7.0,9.0
1683,Be7H9,0.0,200.0,4.0,1.0,7.0,9.0
1684,Be7H9,0.0,250.0,4.0,1.0,7.0,9.0
1685,Be7H9,0.0,300.0,4.0,1.0,7.0,9.0
1686,Be7H9,0.0,350.0,4.0,1.0,7.0,9.0
1687,Be7H9,0.0,400.0,4.0,1.0,7.0,9.0
1688,Be7H9,0.0,450.0,4.0,1.0,7.0,9.0
1689,Be7H9,0.0,500.0,4.0,1.0,7.0,9.0
1690,Be7H10,0.0,50.0,4.0,1.0,7.0,10.0
1691,Be7H10,0.0,100.0,4.0,1.0,7.0,10.0
1692,Be7H10,0.0,150.0,4.0,1.0,7.0,10.0
1693,Be7H10,0.0,200.0,4.0,1.0,7.0,10.0
1694,Be7H10,0.0,250.0,4.0,1.0,7.0,10.0
1695,Be7H10,0.0,300.0,4.0,1.0,7.0,10.0
1696,Be7H10,0.0,350.0,4.0,1.0,7.0,10.0
1697,Be7H10,0.0,400.0,4.0,1.0,7.0,10.0
1698,Be7H10,0.0,450.0,4.0,1.0,7.0,10.0
1699,Be7H10,0.0,500.0,4.0,1.0,7.0,10.0
1700,Be8H,0.0,50.0,4.0,1.0,8.0,1.0
1701,Be8H,0.0,100.0,4.0,1.0,8.0,1.0
1702,Be8H,0.0,150.0,4.0,1.0,8.0,1.0
1703,Be8H,0.0,200.0,4.0,1.0,8.0,1.0
1704,Be8H,0.0,250.0,4.0,1.0,8.0,1.0
1705,Be8H,0.0,300.0,4.0,1.0,8.0,1.0
1706,Be8H,0.0,350.0,4.0,1.0,8.0,1.0
1707,Be8H,0.0,400.0,4.0,1.0,8.0,1.0
1708,Be8H,0.0,450.0,4.0,1.0,8.0,1.0
1709,Be8H,0.0,500.0,4.0,1.0,8.0,1.0
1720,Be8H3,0.0,50.0,4.0,1.0,8.0,3.0
1721,Be8H3,0.0,100.0,4.0,1.0,8.0,3.0
1722,Be8H3,0.0,150.0,4.0,1.0,8.0,3.0
1723,Be8H3,0.0,200.0,4.0,1.0,8.0,3.0
1724,Be8H3,0.0,250.0,4.0,1.0,8.0,3.0
1725,Be8H3,0.0,300.0,4.0,1.0,8.0,3.0
1726,Be8H3,0.0,350.0,4.0,1.0,8.0,3.0
1727,Be8H3,0.0,400.0,4.0,1.0,8.0,3.0
1728,Be8H3,0.0,450.0,4.0,1.0,8.0,3.0
1729,Be8H3,0.0,500.0,4.0,1.0,8.0,3.0
1740,Be8H5,0.0,50.0,4.0,1.0,8.0,5.0
1741,Be8H5,0.0,100.0,4.0,1.0,8.0,5.0
1742,Be8H5,0.0,150.0,4.0,1.0,8.0,5.0
1743,Be8H5,0.0,200.0,4.0,1.0,8.0,5.0
1744,Be8H5,0.0,250.0,4.0,1.0,8.0,5.0
1745,Be8H5,0.0,300.0,4.0,1.0,8.0,5.0
1746,Be8H5,0.0,350.0,4.0,1.0,8.0,5.0
1747,Be8H5,0.0,400.0,4.0,1.0,8.0,5.0
1748,Be8H5,0.0,450.0,4.0,1.0,8.0,5.0
1749,Be8H5,0.0,500.0,4.0,1.0,8.0,5.0
1760,Be8H7,0.0,50.0,4.0,1.0,8.0,7.0
1761,Be8H7,0.0,100.0,4.0,1.0,8.0,7.0
1762,Be8H7,0.0,150.0,4.0,1.0,8.0,7.0
1763,Be8H7,0.0,200.0,4.0,1.0,8.0,7.0
1764,Be8H7,0.0,250.0,4.0,1.0,8.0,7.0
1765,Be8H7,0.0,300.0,4.0,1.0,8.0,7.0
1766,Be8H7,0.0,350.0,4.0,1.0,8.0,7.0
1767,Be8H7,0.0,400.0,4.0,1.0,8.0,7.0
1768,Be8H7,0.0,450.0,4.0,1.0,8.0,7.0
1769,Be8H7,0.0,500.0,4.0,1.0,8.0,7.0
1780,Be8H9,0.0,50.0,4.0,1.0,8.0,9.0
1781,Be8H9,0.0,100.0,4.0,1.0,8.0,9.0
1782,Be8H9,0.0,150.0,4.0,1.0,8.0,9.0
1783,Be8H9,0.0,200.0,4.0,1.0,8.0,9.0
1784,Be8H9,0.0,250.0,4.0,1.0,8.0,9.0
1785,Be8H9,0.0,300.0,4.0,1.0,8.0,9.0
1786,Be8H9,0.0,350.0,4.0,1.0,8.0,9.0
1787,Be8H9,0.0,400.0,4.0,1.0,8.0,9.0
1788,Be8H9,0.0,450.0,4.0,1.0,8.0,9.0
1789,Be8H9,0.0,500.0,4.0,1.0,8.0,9.0
1800,Be9H,0.0,50.0,4.0,1.0,9.0,1.0
1801,Be9H,0.0,100.0,4.0,1.0,9.0,1.0
1802,Be9H,0.0,150.0,4.0,1.0,9.0,1.0
1803,Be9H,0.0,200.0,4.0,1.0,9.0,1.0
1804,Be9H,0.0,250.0,4.0,1.0,9.0,1.0
1805,Be9H,0.0,300.0,4.0,1.0,9.0,1.0
1806,Be9H,0.0,350.0,4.0,1.0,9.0,1.0
1807,Be9H,0.0,400.0,4.0,1.0,9.0,1.0
1808,Be9H,0.0,450.0,4.0,1.0,9.0,1.0
1809,Be9H,0.0,500.0,4.0,1.0,9.0,1.0
1810,Be9H2,0.0,50.0,4.0,1.0,9.0,2.0
1811,Be9H2,0.0,100.0,4.0,1.0,9.0,2.0
1812,Be9H2,0.0,150.0,4.0,1.0,9.0,2.0
1813,Be9H2,0.0,200.0,4.0,1.0,9.0,2.0
1814,Be9H2,0.0,250.0,4.0,1.0,9.0,2.0
1815,Be9H2,0.0,300.0,4.0,1.0,9.0,2.0
1816,Be9H2,0.0,350.0,4.0,1.0,9.0,2.0
1817,Be9H2,0.0,400.0,4.0,1.0,9.0,2.0
1818,Be9H2,0.0,450.0,4.0,1.0,9.0,2.0
1819,Be9H2,0.0,500.0,4.0,1.0,9.0,2.0
1830,Be9H4,0.0,50.0,4.0,1.0,9.0,4.0
1831,Be9H4,0.0,100.0,4.0,1.0,9.0,4.0
1832,Be9H4,0.0,150.0,4.0,1.0,9.0,4.0
1833,Be9H4,0.0,200.0,4.0,1.0,9.0,4.0
1834,Be9H4,0.0,250.0,4.0,1.0,9.0,4.0
1835,Be9H4,0.0,300.0,4.0,1.0,9.0,4.0
1836,Be9H4,0.0,350.0,4.0,1.0,9.0,4.0
1837,Be9H4,0.0,400.0,4.0,1.0,9.0,4.0
1838,Be9H4,0.0,450.0,4.0,1.0,9.0,4.0
1839,Be9H4,0.0,500.0,4.0,1.0,9.0,4.0
1840,Be9H5,0.0,50.0,4.0,1.0,9.0,5.0
1841,Be9H5,0.0,100.0,4.0,1.0,9.0,5.0
1842,Be9H5,0.0,150.0,4.0,1.0,9.0,5.0
1843,Be9H5,0.0,200.0,4.0,1.0,9.0,5.0
1844,Be9H5,0.0,250.0,4.0,1.0,9.0,5.0
1845,Be9H5,0.0,300.0,4.0,1.0,9.0,5.0
1846,Be9H5,0.0,350.0,4.0,1.0,9.0,5.0
1847,Be9H5,0.0,400.0,4.0,1.0,9.0,5.0
1848,Be9H5,0.0,450.0,4.0,1.0,9.0,5.0
1849,Be9H5,0.0,500.0,4.0,1.0,9.0,5.0
1860,Be9H7,0.0,50.0,4.0,1.0,9.0,7.0
1861,Be9H7,0.0,100.0,4.0,1.0,9.0,7.0
1862,Be9H7,0.0,150.0,4.0,1.0,9.0,7.0
1863,Be9H7,0.0,200.0,4.0,1.0,9.0,7.0
1864,Be9H7,0.0,250.0,4.0,1.0,9.0,7.0
1865,Be9H7,0.0,300.0,4.0,1.0,9.0,7.0
1866,Be9H7,0.0,350.0,4.0,1.0,9.0,7.0
1867,Be9H7,0.0,400.0,4.0,1.0,9.0,7.0
1868,Be9H7,0.0,450.0,4.0,1.0,9.0,7.0
1869,Be9H7,0.0,500.0,4.0,1.0,9.0,7.0
1870,Be9H8,0.0,50.0,4.0,1.0,9.0,8.0
1871,Be9H8,0.0,100.0,4.0,1.0,9.0,8.0
1872,Be9H8,0.0,150.0,4.0,1.0,9.0,8.0
1873,Be9H8,0.0,200.0,4.0,1.0,9.0,8.0
1874,Be9H8,0.0,250.0,4.0,1.0,9.0,8.0
1875,Be9H8,0.0,300.0,4.0,1.0,9.0,8.0
1876,Be9H8,0.0,350.0,4.0,1.0,9.0,8.0
1877,Be9H8,0.0,400.0,4.0,1.0,9.0,8.0
1878,Be9H8,0.0,450.0,4.0,1.0,9.0,8.0
1879,Be9H8,0.0,500.0,4.0,1.0,9.0,8.0
1890,Be9H10,0.0,50.0,4.0,1.0,9.0,10.0
1891,Be9H10,0.0,100.0,4.0,1.0,9.0,10.0
1892,Be9H10,0.0,150.0,4.0,1.0,9.0,10.0
1893,Be9H10,0.0,200.0,4.0,1.0,9.0,10.0
1894,Be9H10,0.0,250.0,4.0,1.0,9.0,10.0
1895,Be9H10,0.0,300.0,4.0,1.0,9.0,10.0
1896,Be9H10,0.0,350.0,4.0,1.0,9.0,10.0
1897,Be9H10,0.0,400.0,4.0,1.0,9.0,10.0
1898,Be9H10,0.0,450.0,4.0,1.0,9.0,10.0
1899,Be9H10,0.0,500.0,4.0,1.0,9.0,10.0
1900,Be10H,0.0,50.0,4.0,1.0,10.0,1.0
1901,Be10H,0.0,100.0,4.0,1.0,10.0,1.0
1902,Be10H,0.0,150.0,4.0,1.0,10.0,1.0
1903,Be10H,0.0,200.0,4.0,1.0,10.0,1.0
1904,Be10H,0.0,250.0,4.0,1.0,10.0,1.0
1905,Be10H,0.0,300.0,4.0,1.0,10.0,1.0
1906,Be10H,0.0,350.0,4.0,1.0,10.0,1.0
1907,Be10H,0.0,400.0,4.0,1.0,10.0,1.0
1908,Be10H,0.0,450.0,4.0,1.0,10.0,1.0
1909,Be10H,0.0,500.0,4.0,1.0,10.0,1.0
1920,Be10H3,0.0,50.0,4.0,1.0,10.0,3.0
1921,Be10H3,0.0,100.0,4.0,1.0,10.0,3.0
1922,Be10H3,0.0,150.0,4.0,1.0,10.0,3.0
1923,Be10H3,0.0,200.0,4.0,1.0,10.0,3.0
1924,Be10H3,0.0,250.0,4.0,1.0,10.0,3.0
1925,Be10H3,0.0,300.0,4.0,1.0,10.0,3.0
1926,Be10H3,0.0,350.0,4.0,1.0,10.0,3.0
1927,Be10H3,0.0,400.0,4.0,1.0,10.0,3.0
1928,Be10H3,0.0,450.0,4.0,1.0,10.0,3.0
1929,Be10H3,0.0,500.0,4.0,1.0,10.0,3.0
1960,Be10H7,0.0,50.0,4.0,1.0,10.0,7.0
1961,Be10H7,0.0,100.0,4.0,1.0,10.0,7.0
1962,Be10H7,0.0,150.0,4.0,1.0,10.0,7.0
1963,Be10H7,0.0,200.0,4.0,1.0,10.0,7.0
1964,Be10H7,0.0,250.0,4.0,1.0,10.0,7.0
1965,Be10H7,0.0,300.0,4.0,1.0,10.0,7.0
1966,Be10H7,0.0,350.0,4.0,1.0,10.0,7.0
1967,Be10H7,0.0,400.0,4.0,1.0,10.0,7.0
1968,Be10H7,0.0,450.0,4.0,1.0,10.0,7.0
1969,Be10H7,0.0,500.0,4.0,1.0,10.0,7.0
1980,Be10H9,0.0,50.0,4.0,1.0,10.0,9.0
1981,Be10H9,0.0,100.0,4.0,1.0,10.0,9.0
1982,Be10H9,0.0,150.0,4.0,1.0,10.0,9.0
1983,Be10H9,0.0,200.0,4.0,1.0,10.0,9.0
1984,Be10H9,0.0,250.0,4.0,1.0,10.0,9.0
1985,Be10H9,0.0,300.0,4.0,1.0,10.0,9.0
1986,Be10H9,0.0,350.0,4.0,1.0,10.0,9.0
1987,Be10H9,0.0,400.0,4.0,1.0,10.0,9.0
1988,Be10H9,0.0,450.0,4.0,1.0,10.0,9.0
1989,Be10H9,0.0,500.0,4.0,1.0,10.0,9.0
